<beans xmlns="http://www.springframework.org/schema/beans"
	xmlns:context="http://www.springframework.org/schema/context" xmlns:tx="http://www.springframework.org/schema/tx"
	xmlns:aop="http://www.springframework.org/schema/aop" xmlns:xsi="http://www.w3.org/2001/XMLSchema-instance"
	xsi:schemaLocation="
   http://www.springframework.org/schema/beans     
   http://www.springframework.org/schema/beans/spring-beans-4.3.xsd
   http://www.springframework.org/schema/context 
   http://www.springframework.org/schema/context/spring-context-4.3.xsd">

	<!-- <bean id="greetingServices" class="com.cg.project.services.GreetingServicesImpl"/> -->
	<!-- <context:component-scan base-package="com.cg.project"></context:component-scan> -->
	<!-- <bean id="address" class="com.cg.project.beans.Address">
		<property name="city" value="Pune"/>
			<property name="state" value="maharashtra"/>
				<property name="pincode" value="451524"/>
					<property name="country" value="India"/>
	</bean>

	<bean id="associate" class="com.cg.project.beans.Associate">
		<property name="firstName" value="Himaja"/>
			<property name="lastName" value="Adina"/>
				<property name="address" ref="address"/>
	</bean> -->
	<bean id="address" class="com.cg.project.beans.Address" scope="singleton">
		<constructor-arg name="city" value="Pune"/>
			<constructor-arg name="state" value="maharashtra"/>
				<constructor-arg name="pincode" value="451524"/>
					<constructor-arg name="country" value="India"/>
	</bean>

	<bean id="associate" class="com.cg.project.beans.Associate" scope="prototype">
		<constructor-arg name="firstName" value="Himaja"/>
			<constructor-arg name="lastName" value="Adina"/>
				<constructor-arg name="address" ref="address"/>
	</bean>
</beans>